{"llm_query_cost_breakdown": [0, 0.004971, 0.003916, 0.006135, 0.006697, 0.007281, 0.007849, 0.008433, 0.009017, 0.009585, 0.010175], "llm_query_time_breakdown": [0.4654510021209717, 35.306485414505005, 35.401002168655396, 34.992602586746216, 36.80927085876465, 37.6586709022522, 35.6479914188385, 37.905192852020264, 39.35429096221924, 39.80869960784912, 39.05499029159546], "llm_query_cost": 0.074059, "llm_query_time": 372.404648065567}