NoC_Width,L1CacheSize,score
1,2,1.7
2,4,3.4
3,8,6.5
4,16,12.399999999999999
5,16,12.7
8,11,10.1
12,15,14.1
13,14,13.7
7,14,11.899999999999999
10,13,12.1
9,7,7.6
11,14,13.099999999999998
9,8,8.299999999999999
11,15,13.8
8,13,11.5
7,12,10.499999999999998
8,15,12.9
5,15,12.0
14,12,12.599999999999998
10,15,13.5
12,14,13.399999999999999
6,13,10.899999999999999
6,14,11.599999999999998
9,14,12.499999999999998
11,13,12.399999999999999
