{"llm_query_cost_breakdown": [0, 0.002667, 0.0029070000000000003, 0.0031590000000000003, 0.003411, 0.003665, 0.003915, 0.0041589999999999995, 0.004411, 0.004667, 0.004919, 0.005183, 0.0054269999999999995, 0.0056749999999999995, 0.0059229999999999994, 0.006183, 0.006431, 0.006691, 0.006939, 0.007187, 0.007443], "llm_query_time_breakdown": [0.016358137130737305, 5.31774377822876, 4.718340158462524, 5.437834978103638, 4.62819766998291, 4.350616693496704, 4.332202196121216, 4.372793197631836, 5.1576828956604, 4.440958261489868, 17.425535440444946, 10.818620204925537, 4.584493398666382, 4.947042465209961, 5.13297700881958, 4.075368881225586, 4.324931383132935, 28.463318586349487, 4.75075888633728, 5.133268594741821, 4.585871458053589], "llm_query_cost": 0.10096200000000001, "llm_query_time": 137.0149142742157}